engine,cpu,runs,success_rate_pct,throughput_mean_rps,throughput_stdev_rps,p50_mean_s,p95_mean_s,p99_mean_s
chromium,unlimited,3,100.0,17.858,0.186,0.416,0.619,0.937
chromium,4,3,100.0,15.312,0.261,0.491,0.7,0.907
chromium,2,3,100.0,8.123,0.013,0.901,1.298,1.652
chromium,1,3,100.0,3.936,0.011,1.84,2.792,3.546
chromium,0.5,3,100.0,1.86,0.007,3.886,6.068,7.198
libreoffice,unlimited,3,100.0,7.22,0.203,0.923,1.08,1.168
libreoffice,4,3,100.0,7.409,0.096,0.914,0.999,1.127
libreoffice,2,3,100.0,7.483,0.112,0.912,0.981,1.009
libreoffice,1,3,100.0,6.773,0.124,1.029,1.163,1.234
libreoffice,0.5,3,100.0,3.301,0.006,2.095,2.355,2.411
