timestamp_ms	deployment	spec_replicas	ready	available
1790986757233	gotenberg-chromium	1	1	1
1790986757233	gotenberg-libreoffice	1	1	1
1790986765285	gotenberg-chromium	1	1	1
1790986765285	gotenberg-libreoffice	1	1	1
1790986771810	gotenberg-chromium	1	1	1
1790986771810	gotenberg-libreoffice	1	1	1
1790986778480	gotenberg-chromium	1	1	1
1790986778480	gotenberg-libreoffice	1	1	1
1790986785147	gotenberg-chromium	1	1	1
1790986785147	gotenberg-libreoffice	1	1	1
1790986791813	gotenberg-chromium	1	1	1
1790986791813	gotenberg-libreoffice	1	1	1
1790986798864	gotenberg-chromium	1	1	1
1790986798864	gotenberg-libreoffice	2	1	1
1790986805582	gotenberg-chromium	2	1	1
1790986805582	gotenberg-libreoffice	2	1	1
1790986812375	gotenberg-chromium	2	1	1
1790986812375	gotenberg-libreoffice	2	2	2
1790986820018	gotenberg-chromium	2	2	2
1790986820018	gotenberg-libreoffice	2	2	2
1790986826825	gotenberg-chromium	2	2	2
1790986826825	gotenberg-libreoffice	2	2	2
1790986833378	gotenberg-chromium	2	2	2
1790986833378	gotenberg-libreoffice	2	2	2
1790986839924	gotenberg-chromium	2	2	2
1790986839924	gotenberg-libreoffice	2	2	2
1790986846667	gotenberg-chromium	2	2	2
1790986846667	gotenberg-libreoffice	2	2	2
1790986853432	gotenberg-chromium	2	2	2
1790986853432	gotenberg-libreoffice	2	2	2
1790986860168	gotenberg-chromium	2	2	2
1790986860168	gotenberg-libreoffice	2	2	2
1790986866738	gotenberg-chromium	2	2	2
1790986866738	gotenberg-libreoffice	2	2	2
1790986873401	gotenberg-chromium	2	2	2
1790986873401	gotenberg-libreoffice	2	2	2
1790986879778	gotenberg-chromium	2	2	2
1790986879778	gotenberg-libreoffice	2	2	2
1790986886601	gotenberg-chromium	2	2	2
1790986886601	gotenberg-libreoffice	2	2	2
1790986893277	gotenberg-chromium	2	2	2
1790986893277	gotenberg-libreoffice	2	2	2
1790986900094	gotenberg-chromium	2	2	2
1790986900094	gotenberg-libreoffice	2	2	2
1790986907024	gotenberg-chromium	2	2	2
1790986907024	gotenberg-libreoffice	2	2	2
1790986913969	gotenberg-chromium	2	2	2
1790986913969	gotenberg-libreoffice	2	2	2
1790986920627	gotenberg-chromium	2	2	2
1790986920627	gotenberg-libreoffice	2	2	2
1790986927284	gotenberg-chromium	2	2	2
1790986927284	gotenberg-libreoffice	2	2	2
1790986933997	gotenberg-chromium	2	2	2
1790986933997	gotenberg-libreoffice	2	2	2
1790986940704	gotenberg-chromium	2	2	2
1790986940704	gotenberg-libreoffice	2	2	2
1790986947806	gotenberg-chromium	2	2	2
1790986947806	gotenberg-libreoffice	2	2	2
1790986954320	gotenberg-chromium	2	2	2
1790986954320	gotenberg-libreoffice	2	2	2
1790986960790	gotenberg-chromium	2	2	2
1790986960790	gotenberg-libreoffice	2	2	2
1790986967439	gotenberg-chromium	2	2	2
1790986967439	gotenberg-libreoffice	2	2	2
1790986974054	gotenberg-chromium	2	2	2
1790986974054	gotenberg-libreoffice	2	2	2
1790986980674	gotenberg-chromium	2	2	2
1790986980674	gotenberg-libreoffice	2	2	2
1790986988300	gotenberg-chromium	2	2	2
1790986988300	gotenberg-libreoffice	2	2	2
1790986994829	gotenberg-chromium	2	2	2
1790986994829	gotenberg-libreoffice	2	2	2
1790987002452	gotenberg-chromium	2	2	2
1790987002452	gotenberg-libreoffice	2	2	2
1790987009076	gotenberg-chromium	2	2	2
1790987009076	gotenberg-libreoffice	2	2	2
1790987017180	gotenberg-chromium	2	2	2
1790987017180	gotenberg-libreoffice	2	2	2
1790987024059	gotenberg-chromium	2	2	2
1790987024059	gotenberg-libreoffice	2	2	2
1790987030499	gotenberg-chromium	2	2	2
1790987030499	gotenberg-libreoffice	2	2	2
1790987037283	gotenberg-chromium	2	2	2
1790987037283	gotenberg-libreoffice	1	1	1
1790987044006	gotenberg-chromium	2	2	2
1790987044006	gotenberg-libreoffice	1	1	1
1790987050608	gotenberg-chromium	2	2	2
1790987050608	gotenberg-libreoffice	1	1	1
1790987057154	gotenberg-chromium	1	1	1
1790987057154	gotenberg-libreoffice	1	1	1
1790987064132	gotenberg-chromium	1	1	1
1790987064132	gotenberg-libreoffice	1	1	1
1790987070965	gotenberg-chromium	1	1	1
1790987070965	gotenberg-libreoffice	1	1	1
1790987077544	gotenberg-chromium	1	1	1
1790987077544	gotenberg-libreoffice	1	1	1
1790987084080	gotenberg-chromium	1	1	1
1790987084080	gotenberg-libreoffice	1	1	1
1790987091115	gotenberg-chromium	1	1	1
1790987091115	gotenberg-libreoffice	1	1	1
1790987097731	gotenberg-chromium	1	1	1
