timestamp_ms	cpu_pct	memory_usage	memory_pct	pids
1790880470327	45.14%	88.68MiB / 15.44GiB	0.56%	20
1790880472104	32.60%	96.68MiB / 15.44GiB	0.61%	15
1790880474108	45.06%	99.61MiB / 15.44GiB	0.63%	21
1790880476156	43.21%	36.89MiB / 15.44GiB	0.23%	11
1790880478160	50.23%	101.5MiB / 15.44GiB	0.64%	15
1790880480165	50.08%	86.56MiB / 15.44GiB	0.55%	15
1790880482170	43.73%	14.45MiB / 15.44GiB	0.09%	11
1790880484173	39.87%	102.2MiB / 15.44GiB	0.65%	18
1790880486179	49.76%	94.68MiB / 15.44GiB	0.60%	20
1790880488189	49.83%	24.62MiB / 15.44GiB	0.16%	11
1790880490192	50.45%	103.4MiB / 15.44GiB	0.65%	21
1790880492197	49.78%	94.45MiB / 15.44GiB	0.60%	15
1790880494202	49.40%	13.27MiB / 15.44GiB	0.08%	11
1790880496208	50.89%	91.48MiB / 15.44GiB	0.58%	15
1790880498213	50.38%	95.32MiB / 15.44GiB	0.60%	15
1790880500216	50.92%	28.46MiB / 15.44GiB	0.18%	12
1790880502222	48.39%	94.22MiB / 15.44GiB	0.60%	16
1790880504225	48.13%	101.4MiB / 15.44GiB	0.64%	21
