timestamp_ms,chromium_queue,libreoffice_queue
1790824768251,0,0
1790824768365,0,0
1790824768479,0,0
1790824768593,0,0
1790824768708,0,0
1790824768823,0,0
1790824768937,0,0
1790824769050,0,0
1790824769163,0,0
1790824769277,0,0
1790824769391,0,0
1790824769504,0,0
1790824769617,0,0
1790824769730,0,0
1790824769844,0,0
1790824769958,0,0
1790824770071,0,0
1790824770185,0,0
1790824770298,0,0
1790824770412,0,0
1790824770526,0,0
1790824770639,0,0
1790824770753,0,0
1790824770867,0,0
1790824770980,0,0
1790824771093,0,0
1790824771207,0,0
1790824771320,0,0
1790824771435,0,0
1790824771548,0,0
1790824771662,0,0
1790824771776,0,0
1790824771891,0,0
1790824772006,0,0
1790824772120,0,0
1790824772233,0,0
1790824772346,0,0
1790824772460,0,0
1790824772574,12,0
1790824772689,12,0
1790824772804,12,0
1790824772917,12,0
1790824773030,12,0
1790824773144,12,0
1790824773257,12,0
1790824773370,12,0
1790824773485,12,0
1790824773599,12,0
1790824773714,12,0
1790824773828,12,0
1790824773943,12,0
1790824774057,12,0
1790824774170,12,0
1790824774283,12,0
1790824774396,12,0
1790824774509,6,0
1790824774623,6,0
1790824774736,6,0
1790824774852,6,0
1790824774966,6,0
1790824775081,6,0
1790824775197,6,0
1790824775310,6,0
1790824775426,6,0
1790824775540,6,0
1790824775654,6,0
1790824775768,6,0
1790824775883,6,0
1790824775997,6,0
1790824776112,6,0
1790824776227,6,0
1790824776342,6,0
1790824776456,6,0
1790824776570,6,0
1790824776687,6,0
1790824776801,6,0
1790824776915,6,0
1790824777031,6,0
1790824777144,6,0
1790824777259,6,0
1790824777373,6,0
1790824777486,0,0
1790824777600,0,0
1790824777714,0,0
1790824777829,0,0
1790824777943,0,0
1790824778056,0,0
1790824778170,0,0
1790824778283,0,0
1790824778396,0,0
1790824778510,0,0
1790824778624,0,0
1790824778736,0,0
1790824778850,0,0
1790824778963,0,0
1790824779077,0,0
1790824779191,0,0
1790824779305,0,0
1790824779420,0,0
1790824779533,0,0
1790824779647,0,0
1790824779760,0,0
1790824779874,0,0
1790824779989,0,0
1790824780104,0,0
1790824780218,0,0
1790824780332,0,0
1790824780444,0,0
1790824780558,0,0
1790824780672,0,0
1790824780784,0,0
1790824780897,0,0
1790824781013,0,0
1790824781126,0,0
1790824781240,0,0
1790824781354,0,0
1790824781467,0,0
1790824781580,0,0
1790824781693,0,0
1790824781807,0,0
1790824781921,0,0
1790824782034,0,0
1790824782148,0,0
1790824782262,0,0
1790824782379,0,0
1790824782493,0,0
1790824782607,0,0
1790824782722,0,0
1790824782836,0,0
1790824782950,0,0
1790824783065,0,0
1790824783179,0,0
1790824783295,0,0
1790824783408,0,0
1790824783523,0,0
1790824783637,0,0
1790824783751,0,0
1790824783864,0,0
1790824783978,0,0
1790824784092,0,0
1790824784205,0,0
1790824784319,0,0
1790824784434,0,0
1790824784548,0,0
1790824784662,0,0
1790824784776,0,0
1790824784891,0,0
1790824785006,0,0
1790824785121,0,0
1790824785234,0,0
