timestamp_ms	pod	cpu	memory
1790985075958	envoy-gateway-56969549f6-mdn8b	8m	16Mi
1790985075958	gotenberg-chromium-6c5c5f8876-46pwh	3m	162Mi
1790985075958	gotenberg-libreoffice-7c95f9f57b-8k9lb	974m	93Mi
1790985082384	envoy-gateway-56969549f6-mdn8b	4m	16Mi
1790985082384	gotenberg-chromium-6c5c5f8876-46pwh	1m	162Mi
1790985082384	gotenberg-libreoffice-7c95f9f57b-8k9lb	1m	93Mi
1790985089096	envoy-gateway-56969549f6-mdn8b	4m	16Mi
1790985089096	gotenberg-chromium-6c5c5f8876-46pwh	1m	162Mi
1790985089096	gotenberg-libreoffice-7c95f9f57b-8k9lb	1m	93Mi
1790985095252	envoy-gateway-56969549f6-mdn8b	5m	16Mi
1790985095252	gotenberg-chromium-6c5c5f8876-46pwh	374m	237Mi
1790985095252	gotenberg-libreoffice-7c95f9f57b-8k9lb	1m	93Mi
1790985101360	envoy-gateway-56969549f6-mdn8b	5m	16Mi
1790985101360	gotenberg-chromium-6c5c5f8876-46pwh	374m	237Mi
1790985101360	gotenberg-libreoffice-7c95f9f57b-8k9lb	1m	93Mi
1790985107479	envoy-gateway-56969549f6-mdn8b	9m	16Mi
1790985107479	gotenberg-chromium-6c5c5f8876-46pwh	989m	355Mi
1790985107479	gotenberg-libreoffice-7c95f9f57b-8k9lb	681m	30Mi
1790985113666	envoy-gateway-56969549f6-mdn8b	9m	16Mi
1790985113666	gotenberg-chromium-6c5c5f8876-46pwh	989m	355Mi
1790985113666	gotenberg-libreoffice-7c95f9f57b-8k9lb	681m	30Mi
