timestamp_ms	chromium_queue	libreoffice_queue
1790883124440	0	0
1790883124703	0	0
1790883124964	8	0
1790883125225	8	0
1790883125487	8	0
1790883125749	8	0
1790883126011	8	0
1790883126273	8	0
1790883126566	8	0
1790883126829	8	0
1790883127093	8	0
1790883127364	8	0
1790883127665	8	0
1790883127964	8	0
1790883128265	8	0
1790883128529	8	0
1790883128792	8	0
1790883129066	8	0
1790883129364	8	0
1790883129626	8	0
1790883129890	8	0
1790883130152	8	0
1790883130415	8	0
1790883130678	8	0
1790883130939	8	0
1790883131202	8	0
1790883131465	8	0
1790883131726	8	0
1790883131988	8	0
1790883132264	8	0
1790883132526	8	0
1790883132791	8	0
1790883133053	8	0
1790883133315	8	0
1790883133578	8	0
1790883133840	8	0
1790883134103	8	0
1790883134367	8	0
1790883134632	8	0
1790883134895	8	0
1790883135159	0	0
1790883135422	0	0
1790883135686	0	0
1790883135949	0	0
1790883136211	0	0
1790883136474	0	0
1790883136737	0	0
1790883136999	0	0
1790883137262	0	0
1790883137524	0	0
1790883137786	0	0
1790883138047	0	0
1790883138310	0	0
1790883138573	0	0
1790883138837	0	0
1790883139100	0	0
1790883139364	0	0
1790883139627	0	0
1790883139890	0	0
1790883140154	0	0
1790883140417	0	0
1790883140681	0	0
1790883140944	0	0
1790883141207	0	0
1790883141471	0	0
