request_id,trace_id,start_offset_s,status_code,success,latency_s,size_bytes,valid_pdf,error
1,opslens-227d72b3-0001,0.000366,200,True,4.376941,16866,True,
2,opslens-227d72b3-0002,0.001880,200,True,2.942584,16866,True,
3,opslens-227d72b3-0003,0.002704,200,True,1.903411,16866,True,
4,opslens-227d72b3-0004,0.003128,200,True,2.201576,16866,True,
5,opslens-227d72b3-0005,0.004582,200,True,2.199879,16866,True,
6,opslens-227d72b3-0006,0.005762,200,True,4.168287,16866,True,
7,opslens-227d72b3-0007,0.006123,200,True,3.042974,16866,True,
8,opslens-227d72b3-0008,0.007805,200,True,4.681962,16866,True,
9,opslens-227d72b3-0009,0.008545,200,True,4.679366,16866,True,
10,opslens-227d72b3-0010,0.009093,200,True,4.679258,16866,True,
11,opslens-227d72b3-0011,0.009723,200,True,3.040688,16866,True,
12,opslens-227d72b3-0012,0.010992,200,True,5.467557,16866,True,
13,opslens-227d72b3-0013,1.906300,200,True,4.107573,16866,True,
14,opslens-227d72b3-0014,2.204864,200,True,4.511987,16866,True,
15,opslens-227d72b3-0015,2.205993,200,True,4.111507,16866,True,
16,opslens-227d72b3-0016,2.945306,200,True,3.771419,16866,True,
17,opslens-227d72b3-0017,3.049403,200,True,4.647157,16866,True,
18,opslens-227d72b3-0018,3.050480,200,True,4.239140,16866,True,
19,opslens-227d72b3-0019,4.174415,200,True,3.906169,16866,True,
20,opslens-227d72b3-0020,4.377415,200,True,4.607584,16866,True,
21,opslens-227d72b3-0021,4.688691,200,True,3.799195,16866,True,
22,opslens-227d72b3-0022,4.689638,200,True,4.732258,16866,True,
23,opslens-227d72b3-0023,4.690066,200,True,4.295272,16866,True,
24,opslens-227d72b3-0024,5.478771,200,True,4.438329,16866,True,
25,opslens-227d72b3-0025,6.014035,200,True,4.074681,16866,True,
26,opslens-227d72b3-0026,6.317666,200,True,4.292986,16866,True,
27,opslens-227d72b3-0027,6.716946,200,True,3.968117,16866,True,
28,opslens-227d72b3-0028,6.717826,200,True,4.099004,16866,True,
29,opslens-227d72b3-0029,7.289792,200,True,3.446636,16866,True,
30,opslens-227d72b3-0030,7.696672,200,True,6.616300,16866,True,
31,opslens-227d72b3-0031,8.080750,200,True,5.819862,16866,True,
32,opslens-227d72b3-0032,8.488088,200,True,5.009187,16866,True,
33,opslens-227d72b3-0033,8.985540,200,True,6.542893,16866,True,
34,opslens-227d72b3-0034,8.986055,200,True,6.840558,16866,True,
35,opslens-227d72b3-0035,9.422107,200,True,4.889035,16866,True,
36,opslens-227d72b3-0036,9.917451,200,True,3.678494,16866,True,
37,opslens-227d72b3-0037,10.088947,200,True,4.224369,16866,True,
38,opslens-227d72b3-0038,10.610801,200,True,5.418424,16866,True,
39,opslens-227d72b3-0039,10.685377,200,True,5.712535,16866,True,
40,opslens-227d72b3-0040,10.737494,200,True,5.590618,16866,True,
41,opslens-227d72b3-0041,10.817047,200,True,5.504698,16866,True,
42,opslens-227d72b3-0042,13.497424,200,True,4.307005,16866,True,
43,opslens-227d72b3-0043,13.596285,200,True,4.487719,16866,True,
44,opslens-227d72b3-0044,13.900840,200,True,4.285150,16866,True,
45,opslens-227d72b3-0045,14.311527,200,True,4.174172,16866,True,
46,opslens-227d72b3-0046,14.313148,200,True,4.103780,16866,True,
47,opslens-227d72b3-0047,14.313443,200,True,4.170472,16866,True,
48,opslens-227d72b3-0048,15.528726,200,True,4.087554,16866,True,
49,opslens-227d72b3-0049,15.826792,200,True,4.178479,16866,True,
50,opslens-227d72b3-0050,16.029522,200,True,4.085928,16866,True,
51,opslens-227d72b3-0051,16.321888,200,True,4.065847,16866,True,
52,opslens-227d72b3-0052,16.328189,200,True,4.083497,16866,True,
53,opslens-227d72b3-0053,16.398064,200,True,4.888776,16866,True,
54,opslens-227d72b3-0054,17.804647,200,True,4.021260,16866,True,
55,opslens-227d72b3-0055,18.084302,200,True,4.097873,16866,True,
56,opslens-227d72b3-0056,18.186304,200,True,4.010313,16866,True,
57,opslens-227d72b3-0057,18.417136,200,True,4.187446,16866,True,
58,opslens-227d72b3-0058,18.484183,200,True,5.019877,16866,True,
59,opslens-227d72b3-0059,18.485820,200,True,3.940133,16866,True,
60,opslens-227d72b3-0060,19.616448,200,True,4.196476,16866,True,
61,opslens-227d72b3-0061,20.005420,200,True,3.874618,16866,True,
62,opslens-227d72b3-0062,20.115678,200,True,4.309517,16866,True,
63,opslens-227d72b3-0063,20.387971,200,True,4.334558,16866,True,
64,opslens-227d72b3-0064,20.411824,200,True,4.303176,16866,True,
65,opslens-227d72b3-0065,21.286945,200,True,4.294624,16866,True,
66,opslens-227d72b3-0066,21.826189,200,True,4.263688,16866,True,
67,opslens-227d72b3-0067,22.182343,200,True,3.911617,16866,True,
68,opslens-227d72b3-0068,22.196769,200,True,4.297776,16866,True,
69,opslens-227d72b3-0069,22.426122,200,True,4.377613,16866,True,
70,opslens-227d72b3-0070,22.604806,200,True,4.599271,16866,True,
71,opslens-227d72b3-0071,23.504319,200,True,4.405584,16866,True,
72,opslens-227d72b3-0072,23.813125,200,True,4.713512,16866,True,
73,opslens-227d72b3-0073,23.880337,200,True,4.344212,16866,True,
74,opslens-227d72b3-0074,24.425359,200,True,4.382469,16866,True,
75,opslens-227d72b3-0075,24.715261,200,True,4.567452,16866,True,
76,opslens-227d72b3-0076,24.722643,200,True,4.271989,16866,True,
77,opslens-227d72b3-0077,25.581737,200,True,4.728563,16866,True,
78,opslens-227d72b3-0078,26.090103,200,True,4.505216,16866,True,
79,opslens-227d72b3-0079,26.094134,200,True,4.533873,16866,True,
80,opslens-227d72b3-0080,26.494724,200,True,4.136255,16866,True,
81,opslens-227d72b3-0081,26.803990,200,True,4.424769,16866,True,
82,opslens-227d72b3-0082,27.204186,200,True,4.024807,16866,True,
83,opslens-227d72b3-0083,27.910014,200,True,4.476614,16866,True,
84,opslens-227d72b3-0084,28.224704,200,True,4.518932,16866,True,
85,opslens-227d72b3-0085,28.526882,200,True,4.626767,16866,True,
86,opslens-227d72b3-0086,28.808006,200,True,4.140093,16866,True,
87,opslens-227d72b3-0087,28.994807,200,True,4.363834,16866,True,
88,opslens-227d72b3-0088,29.282948,200,True,4.696665,16866,True,
89,opslens-227d72b3-0089,30.310546,200,True,4.174993,16866,True,
90,opslens-227d72b3-0090,30.595526,200,True,4.168014,16866,True,
91,opslens-227d72b3-0091,30.628237,200,True,5.083745,16866,True,
92,opslens-227d72b3-0092,30.631094,200,True,4.291500,16866,True,
93,opslens-227d72b3-0093,31.229128,200,True,4.258981,16866,True,
94,opslens-227d72b3-0094,31.229979,200,True,4.864170,16866,True,
95,opslens-227d72b3-0095,32.386789,200,True,4.102449,16866,True,
96,opslens-227d72b3-0096,32.743800,200,True,4.184926,16866,True,
97,opslens-227d72b3-0097,32.948293,200,True,4.351288,16866,True,
98,opslens-227d72b3-0098,33.153828,200,True,4.583644,16866,True,
99,opslens-227d72b3-0099,33.358866,200,True,4.759443,16866,True,
100,opslens-227d72b3-0100,33.979733,200,True,4.138347,16866,True,
101,opslens-227d72b3-0101,34.485659,200,True,4.025713,16866,True,
102,opslens-227d72b3-0102,34.763717,200,True,4.325624,16866,True,
103,opslens-227d72b3-0103,34.922850,200,True,4.508086,16866,True,
104,opslens-227d72b3-0104,35.488371,200,True,4.230308,16866,True,
105,opslens-227d72b3-0105,35.712128,200,True,4.491295,16866,True,
106,opslens-227d72b3-0106,36.094409,200,True,4.334785,16866,True,
107,opslens-227d72b3-0107,36.489457,200,True,4.206251,16866,True,
108,opslens-227d72b3-0108,36.928967,200,True,4.459578,16866,True,
109,opslens-227d72b3-0109,37.299746,200,True,4.500637,16866,True,
110,opslens-227d72b3-0110,37.737636,200,True,4.062933,16866,True,
111,opslens-227d72b3-0111,38.118467,200,True,4.570929,16866,True,
112,opslens-227d72b3-0112,38.119270,200,True,4.196850,16866,True,
113,opslens-227d72b3-0113,38.511616,200,True,4.780136,16866,True,
114,opslens-227d72b3-0114,39.089511,200,True,4.621768,16866,True,
115,opslens-227d72b3-0115,39.431050,200,True,4.987716,16866,True,
116,opslens-227d72b3-0116,39.718907,200,True,4.391455,16866,True,
117,opslens-227d72b3-0117,40.203589,200,True,4.215489,16866,True,
118,opslens-227d72b3-0118,40.429424,200,True,3.990004,16866,True,
119,opslens-227d72b3-0119,40.695872,200,True,3.923384,16866,True,
120,opslens-227d72b3-0120,41.388711,200,True,3.334381,16866,True,
